<?xml version="1.0" encoding="utf-8"?>
<!DOCTYPE install PUBLIC "-//Joomla! 3.7//DTD template 1.0//EN" "https://www.joomla.org/xml/dtd/1.6/template-install.dtd">
<extension version="3.0" type="template" client="site">
	<name>OneScript</name>
	<creationDate>27 мая 2017</creationDate>
	<author>Ошнуров Андрей</author>
	<authorEmail>UfaScript@mail.ru</authorEmail>
	<authorUrl></authorUrl>
	<copyright>Copyright (C) 2017 Open Source Matters, Inc. All rights reserved.</copyright>
	<license>GNU General Public License version 2 or later; see LICENSE.txt</license>
	<version>1.0.1</version>
	<description>TPL_ONESCRIPT_XML_DESCRIPTION</description>

	<files>
		<folder>images</folder>
		<folder>language</folder>
		<folder>html</folder>
		<folder>css</folder>
		<filename>index.html</filename>
		<filename>index.php</filename>
		<filename>Gulp.os</filename>
		<filename>Joomla.os</filename>
		<filename>AjaxGET.os</filename>
		<filename>AjaxChat.os</filename>
		<filename>AjaxGET01.os</filename>
		<filename>AjaxGET02.os</filename>
		<filename>AjaxPOST.os</filename>
		<filename>TestShablonCSSDiv.os</filename>
		<filename>UfaScript.osb</filename>
		<filename>templateDetails.xml</filename>
		<filename>template_preview.png</filename>
		<filename>template_thumbnail.png</filename>
		<filename>favicon.ico</filename>
	</files>

	<positions>
		<position>debug</position>
		<position>position-0</position>
		<position>position-1</position>
		<position>position-2</position>
		<position>position-3</position>
		<position>position-4</position>
		<position>position-5</position>
		<position>position-6</position>
		<position>position-7</position>
		<position>position-8</position>
		<position>position-9</position>
		<position>position-10</position>
		<position>position-11</position>
		<position>position-12</position>
	</positions>

	<languages folder="language">
		<language tag="en-GB">en-GB/en-GB.tpl_OneScript.ini</language>
		<language tag="en-GB">en-GB/en-GB.tpl_OneScript.sys.ini</language>
		<language tag="ru-RU">ru-RU/ru-RU.tpl_OneScript.ini</language>
		<language tag="ru-RU">ru-RU/ru-RU.tpl_OneScript.sys.ini</language>
	</languages>

</extension>
